{
  "Profiles": [
    {
      "ASCII Anti Aliased": true,
      "AWDS Pane Directory": "",
      "AWDS Pane Option": "Recycle",
      "AWDS Tab Directory": "",
      "AWDS Tab Option": "Recycle",
      "AWDS Window Directory": "~/Documents/",
      "AWDS Window Option": "Yes",
      "Allow Title Setting": false,
      "Ambiguous Double Width": false,
      "Ansi 0 Color": {
        "Alpha Component": 1,
        "Blue Component": 0,
        "Color Space": "sRGB",
        "Green Component": 0,
        "Red Component": 0
      },
      "Ansi 1 Color": {
        "Alpha Component": 1,
        "Blue Component": 0.05809924006462097,
        "Color Space": "sRGB",
        "Green Component": 0.10371831804513931,
        "Red Component": 0.6681209802627563
      },
      "Ansi 10 Color": {
        "Alpha Component": 1,
        "Blue Component": 0.1634487509727478,
        "Color Space": "sRGB",
        "Green Component": 0.8565981984138489,
        "Red Component": 0
      },
      "Ansi 11 Color": {
        "Alpha Component": 1,
        "Blue Component": 0.23028141260147095,
        "Color Space": "sRGB",
        "Green Component": 0.9087470173835754,
        "Red Component": 0.9176621437072754
      },
      "Ansi 12 Color": {
        "Alpha Component": 1,
        "Blue Component": 0.9889571070671082,
        "Color Space": "sRGB",
        "Green Component": 0.4043897639388998,
        "Red Component": 0.2956921496478441
      },
      "Ansi 13 Color": {
        "Alpha Component": 1,
        "Blue Component": 0.9124447703361511,
        "Color Space": "sRGB",
        "Green Component": 0.23190298676490784,
        "Red Component": 0.9256839156150818
      },
      "Ansi 14 Color": {
        "Alpha Component": 1,
        "Blue Component": 0.9157597422599792,
        "Color Space": "sRGB",
        "Green Component": 0.9073944687843323,
        "Red Component": 0.014455496333539486
      },
      "Ansi 15 Color": {
        "Alpha Component": 1,
        "Blue Component": 0.9214455485343933,
        "Color Space": "sRGB",
        "Green Component": 0.9184328317642212,
        "Red Component": 0.9215154051780701
      },
      "Ansi 2 Color": {
        "Alpha Component": 1,
        "Blue Component": 0.10922165960073471,
        "Color Space": "sRGB",
        "Green Component": 0.6931555867195129,
        "Red Component": 0
      },
      "Ansi 3 Color": {
        "Alpha Component": 1,
        "Blue Component": 0.13504385948181152,
        "Color Space": "sRGB",
        "Green Component": 0.6548168659210205,
        "Red Component": 0.6638514399528503
      },
      "Ansi 4 Color": {
        "Alpha Component": 1,
        "Blue Component": 0.9022304739270891,
        "Color Space": "sRGB",
        "Green Component": 0.1488354665327101,
        "Red Component": 0
      },
      "Ansi 5 Color": {
        "Alpha Component": 1,
        "Blue Component": 0.7477666735649109,
        "Color Space": "sRGB",
        "Green Component": 0.18239298462867737,
        "Red Component": 0.7560743093490601
      },
      "Ansi 6 Color": {
        "Alpha Component": 1,
        "Blue Component": 0.747922956943512,
        "Color Space": "sRGB",
        "Green Component": 0.7014898657798767,
        "Red Component": 0
      },
      "Ansi 7 Color": {
        "Alpha Component": 1,
        "Blue Component": 0.7944252490997314,
        "Color Space": "sRGB",
        "Green Component": 0.7944353222846985,
        "Red Component": 0.794416606426239
      },
      "Ansi 8 Color": {
        "Alpha Component": 1,
        "Blue Component": 0.4756404161453247,
        "Color Space": "sRGB",
        "Green Component": 0.4756467342376709,
        "Red Component": 0.47563493251800537
      },
      "Ansi 9 Color": {
        "Alpha Component": 1,
        "Blue Component": 0.1341542899608612,
        "Color Space": "sRGB",
        "Green Component": 0.18266522884368896,
        "Red Component": 0.9250460267066956
      },
      "Application Keypad Allowed": true,
      "BM Growl": true,
      "Background Color": {
        "Blue Component": 0,
        "Green Component": 0,
        "Red Component": 0
      },
      "Background Image Location": "",
      "Badge Color": {
        "Alpha Component": 0.75,
        "Blue Component": 0,
        "Color Space": "sRGB",
        "Green Component": 0.1491314172744751,
        "Red Component": 1
      },
      "Badge Font": "InputMono-Bold",
      "Badge Max Height": 0.3,
      "Badge Max Width": 0.5,
      "Badge Right Margin": 30,
      "Badge Text": "PROD",
      "Badge Top Margin": 0,
      "Blink Allowed": true,
      "Blinking Cursor": false,
      "Blur": true,
      "Blur Radius": 8.3475194321066,
      "Bold Color": {
        "Alpha Component": 1,
        "Blue Component": 0.18352475762367249,
        "Color Space": "sRGB",
        "Green Component": 0.9589888453483582,
        "Red Component": 0
      },
      "Bound Hosts": [
        "!128t-support-host-jmp",
        "!t128-support@jumper",
        "!supporthost.128technology.com",
        "!rxa-poc-128conductor01",
        "!cvs-lab-conductor",
        "!root@*-128t"
      ],
      "Character Encoding": 4,
      "Close Sessions On End": true,
      "Columns": 80,
      "Command": "",
      "Cursor Color": {
        "Alpha Component": 1,
        "Blue Component": 0.2850678861141205,
        "Color Space": "sRGB",
        "Green Component": 0.9755217432975769,
        "Red Component": 0.27456897497177124
      },
      "Cursor Guide Color": {
        "Alpha Component": 0.25,
        "Blue Component": 1,
        "Color Space": "sRGB",
        "Green Component": 0.9268307089805603,
        "Red Component": 0.7021318674087524
      },
      "Cursor Text Color": {
        "Blue Component": 1,
        "Green Component": 1,
        "Red Component": 1
      },
      "Custom Command": "No",
      "Custom Directory": "Recycle",
      "Default Bookmark": "No",
      "Description": "Default",
      "Disable Window Resizing": false,
      "Flashing Bell": true,
      "Foreground Color": {
        "Alpha Component": 1,
        "Blue Component": 0.23332667350769043,
        "Color Space": "sRGB",
        "Green Component": 0.974952757358551,
        "Red Component": 0.19733521342277527
      },
      "Guid": "B976845B-577C-4535-B6EC-FB73B8469926",
      "Has Hotkey": false,
      "Horizontal Spacing": 1,
      "Idle Code": 0,
      "Jobs to Ignore": [],
      "Keyboard Map": {
        "0x20-0x80000": {
          "Action": 13,
          "Text": ""
        },
        "0x2a-0x200000": {
          "Action": 12,
          "Text": "*"
        },
        "0x2b-0x200000": {
          "Action": 12,
          "Text": "+"
        },
        "0x2d-0x200000": {
          "Action": 12,
          "Text": "-"
        },
        "0x2d-0x40000": {
          "Action": 11,
          "Text": "0x1f"
        },
        "0x2e-0x200000": {
          "Action": 12,
          "Text": "."
        },
        "0x2f-0x200000": {
          "Action": 12,
          "Text": "/"
        },
        "0x3-0x200000": {
          "Action": 11,
          "Text": "0x0D"
        },
        "0x30-0x200000": {
          "Action": 12,
          "Text": "0"
        },
        "0x31-0x200000": {
          "Action": 12,
          "Text": "1"
        },
        "0x32-0x200000": {
          "Action": 12,
          "Text": "2"
        },
        "0x33-0x200000": {
          "Action": 12,
          "Text": "3"
        },
        "0x34-0x200000": {
          "Action": 12,
          "Text": "4"
        },
        "0x35-0x200000": {
          "Action": 12,
          "Text": "5"
        },
        "0x36-0x200000": {
          "Action": 12,
          "Text": "6"
        },
        "0x37-0x200000": {
          "Action": 12,
          "Text": "7"
        },
        "0x38-0x200000": {
          "Action": 12,
          "Text": "8"
        },
        "0x39-0x200000": {
          "Action": 12,
          "Text": "9"
        },
        "0x7f-0x100000": {
          "Action": 11,